session_id,user_id,label,showScheduleId,orderId,request_count,endpoint_burst_max_1s,req_interval_cv,target_retry_count,payment_ready_to_terminal_ms,req_source_file,evt_source_file
os_be_001,a,0,45510,ORD-OS-0001,6,1,0.0,2,2938,[norm][raw]be_req_b_001.json,[norm][raw]be_evt_a_001.json
os_be_002,b,1,31021,ORD-OS-0002,4,3,0.715694,4,13044,[norm][raw]be_req_b_002.json,[norm][raw]be_evt_b_001.json
os_be_003,a,0,31021,ORD-OS-0003,5,4,0.0,1,2700,[norm][raw]be_req_b_002.json,[norm][raw]be_evt_b_002.json
os_be_004,b,1,45510,ORD-OS-0004,6,4,0.027186,2,682,[norm][raw]be_req_b_001.json,[norm][raw]be_evt_a_001.json
os_be_005,a,0,45510,ORD-OS-0005,6,5,0.026824,1,643,[norm][raw]be_req_a_001.json,[norm][raw]be_evt_b_002.json
os_be_006,a,0,31021,ORD-OS-0006,7,5,0.026446,1,519,[norm][raw]be_req_a_001.json,[norm][raw]be_evt_b_001.json
os_be_007,a,0,31021,ORD-OS-0007,6,1,0.815484,3,15426,[norm][raw]be_req_b_001.json,[norm][raw]be_evt_a_002.json
os_be_008,b,1,31021,ORD-OS-0008,6,1,0.603581,1,13002,[norm][raw]be_req_a_002.json,[norm][raw]be_evt_a_001.json
os_be_009,a,0,31021,ORD-OS-0009,6,2,0.019691,1,574,[norm][raw]be_req_a_001.json,[norm][raw]be_evt_b_002.json
os_be_010,b,1,45510,ORD-OS-0010,6,1,0.0,3,2622,[norm][raw]be_req_b_002.json,[norm][raw]be_evt_a_001.json
os_be_011,b,1,31021,ORD-OS-0011,6,1,0.594678,2,14794,[norm][raw]be_req_b_001.json,[norm][raw]be_evt_a_002.json
os_be_012,a,0,45510,ORD-OS-0012,5,2,0.772643,1,18464,[norm][raw]be_req_b_002.json,[norm][raw]be_evt_b_002.json
os_be_013,a,0,45510,ORD-OS-0013,6,2,0.861791,2,13272,[norm][raw]be_req_a_002.json,[norm][raw]be_evt_b_002.json
os_be_014,b,1,31021,ORD-OS-0014,6,4,0.020262,1,531,[norm][raw]be_req_b_002.json,[norm][raw]be_evt_a_001.json
os_be_015,a,0,45510,ORD-OS-0015,4,1,0.849601,2,15545,[norm][raw]be_req_a_001.json,[norm][raw]be_evt_b_002.json
os_be_016,b,1,31021,ORD-OS-0016,7,4,0.028189,2,556,[norm][raw]be_req_a_002.json,[norm][raw]be_evt_b_002.json
os_be_017,a,0,45510,ORD-OS-0017,5,2,0.549686,2,13076,[norm][raw]be_req_a_001.json,[norm][raw]be_evt_b_001.json
os_be_018,a,0,31021,ORD-OS-0018,5,2,0.923447,1,13048,[norm][raw]be_req_b_002.json,[norm][raw]be_evt_a_001.json
os_be_019,a,0,45510,ORD-OS-0019,4,2,0.646836,2,12627,[norm][raw]be_req_b_001.json,[norm][raw]be_evt_a_001.json
os_be_020,a,0,45510,ORD-OS-0020,4,2,0.823404,1,16249,[norm][raw]be_req_b_002.json,[norm][raw]be_evt_b_002.json
os_be_021,a,0,45510,ORD-OS-0021,7,2,0.02168,1,641,[norm][raw]be_req_b_001.json,[norm][raw]be_evt_a_001.json
os_be_022,b,1,45510,ORD-OS-0022,6,1,0.582974,4,16607,[norm][raw]be_req_b_001.json,[norm][raw]be_evt_b_001.json
os_be_023,a,0,45510,ORD-OS-0023,5,1,0.603255,2,13373,[norm][raw]be_req_a_001.json,[norm][raw]be_evt_b_002.json
os_be_024,b,1,45510,ORD-OS-0024,4,3,0.899432,2,15659,[norm][raw]be_req_b_001.json,[norm][raw]be_evt_a_001.json
os_be_025,a,0,45510,ORD-OS-0025,7,2,0.0,1,3553,[norm][raw]be_req_a_001.json,[norm][raw]be_evt_b_002.json
os_be_026,a,0,31021,ORD-OS-0026,5,1,0.582832,3,16807,[norm][raw]be_req_b_001.json,[norm][raw]be_evt_a_002.json
os_be_027,a,0,31021,ORD-OS-0027,5,1,0.864727,1,18222,[norm][raw]be_req_a_002.json,[norm][raw]be_evt_a_001.json
os_be_028,b,1,45510,ORD-OS-0028,4,2,0.789607,3,12756,[norm][raw]be_req_b_002.json,[norm][raw]be_evt_b_002.json
os_be_029,b,1,31021,ORD-OS-0029,5,2,0.021829,1,536,[norm][raw]be_req_b_001.json,[norm][raw]be_evt_a_001.json
os_be_030,b,1,31021,ORD-OS-0030,6,2,0.026537,1,690,[norm][raw]be_req_b_002.json,[norm][raw]be_evt_b_002.json
os_be_031,b,1,31021,ORD-OS-0031,6,2,0.627119,2,15179,[norm][raw]be_req_b_002.json,[norm][raw]be_evt_a_001.json
os_be_032,a,0,31021,ORD-OS-0032,6,3,0.019478,1,579,[norm][raw]be_req_b_001.json,[norm][raw]be_evt_b_001.json
os_be_033,b,1,31021,ORD-OS-0033,6,3,0.023711,2,633,[norm][raw]be_req_b_001.json,[norm][raw]be_evt_a_001.json
os_be_034,b,1,31021,ORD-OS-0034,5,4,0.0,2,2777,[norm][raw]be_req_a_002.json,[norm][raw]be_evt_b_001.json
os_be_035,b,1,45510,ORD-OS-0035,5,4,0.017508,2,632,[norm][raw]be_req_a_002.json,[norm][raw]be_evt_a_001.json
os_be_036,b,1,31021,ORD-OS-0036,5,2,0.0,1,3663,[norm][raw]be_req_a_002.json,[norm][raw]be_evt_a_002.json
os_be_037,a,0,31021,ORD-OS-0037,5,2,0.695723,3,16420,[norm][raw]be_req_b_001.json,[norm][raw]be_evt_a_002.json
os_be_038,a,0,45510,ORD-OS-0038,5,3,0.0,2,2798,[norm][raw]be_req_a_001.json,[norm][raw]be_evt_b_002.json
os_be_039,a,0,31021,ORD-OS-0039,7,4,0.025578,2,525,[norm][raw]be_req_b_001.json,[norm][raw]be_evt_b_002.json
os_be_040,b,1,45510,ORD-OS-0040,6,2,0.670779,3,16677,[norm][raw]be_req_a_002.json,[norm][raw]be_evt_a_002.json
os_be_041,b,1,31021,ORD-OS-0041,4,1,0.644983,4,16242,[norm][raw]be_req_b_001.json,[norm][raw]be_evt_a_001.json
os_be_042,b,1,45510,ORD-OS-0042,5,2,0.815941,1,17541,[norm][raw]be_req_b_001.json,[norm][raw]be_evt_a_001.json
os_be_043,a,0,45510,ORD-OS-0043,6,2,0.0,1,2883,[norm][raw]be_req_a_001.json,[norm][raw]be_evt_b_001.json
os_be_044,a,0,45510,ORD-OS-0044,4,3,0.682623,3,16551,[norm][raw]be_req_b_002.json,[norm][raw]be_evt_a_001.json
os_be_045,a,0,31021,ORD-OS-0045,5,3,0.772824,2,15355,[norm][raw]be_req_b_001.json,[norm][raw]be_evt_a_002.json
os_be_046,a,0,45510,ORD-OS-0046,5,3,0.02608,1,493,[norm][raw]be_req_a_001.json,[norm][raw]be_evt_a_002.json
os_be_047,b,1,31021,ORD-OS-0047,5,2,0.596411,2,15935,[norm][raw]be_req_b_001.json,[norm][raw]be_evt_a_001.json
os_be_048,b,1,45510,ORD-OS-0048,6,1,0.707391,1,16817,[norm][raw]be_req_a_001.json,[norm][raw]be_evt_b_001.json
os_be_049,a,0,31021,ORD-OS-0049,6,2,0.630598,1,15163,[norm][raw]be_req_b_002.json,[norm][raw]be_evt_b_002.json
os_be_050,a,0,31021,ORD-OS-0050,4,2,0.67713,2,11886,[norm][raw]be_req_a_001.json,[norm][raw]be_evt_b_001.json
os_be_051,b,1,45510,ORD-OS-0051,7,4,0.019546,2,514,[norm][raw]be_req_a_001.json,[norm][raw]be_evt_b_001.json
os_be_052,a,0,45510,ORD-OS-0052,7,3,0.021319,1,714,[norm][raw]be_req_a_002.json,[norm][raw]be_evt_b_002.json
os_be_053,b,1,31021,ORD-OS-0053,7,3,0.0,2,2674,[norm][raw]be_req_b_001.json,[norm][raw]be_evt_b_001.json
os_be_054,a,0,45510,ORD-OS-0054,5,1,0.731247,2,12950,[norm][raw]be_req_b_001.json,[norm][raw]be_evt_b_002.json
os_be_055,b,1,45510,ORD-OS-0055,5,1,0.809462,2,12222,[norm][raw]be_req_b_001.json,[norm][raw]be_evt_a_002.json
os_be_056,a,0,45510,ORD-OS-0056,6,2,0.728118,1,13412,[norm][raw]be_req_b_001.json,[norm][raw]be_evt_b_002.json
os_be_057,a,0,45510,ORD-OS-0057,6,3,0.701382,2,15662,[norm][raw]be_req_b_002.json,[norm][raw]be_evt_b_001.json
os_be_058,a,0,31021,ORD-OS-0058,7,2,0.018732,2,702,[norm][raw]be_req_b_001.json,[norm][raw]be_evt_b_001.json
os_be_059,a,0,31021,ORD-OS-0059,7,2,0.0,1,2737,[norm][raw]be_req_b_002.json,[norm][raw]be_evt_a_002.json
os_be_060,a,0,45510,ORD-OS-0060,7,4,0.0,2,3582,[norm][raw]be_req_b_001.json,[norm][raw]be_evt_a_002.json
os_be_061,b,1,31021,ORD-OS-0061,5,1,0.581694,1,16757,[norm][raw]be_req_b_001.json,[norm][raw]be_evt_b_001.json
os_be_062,a,0,45510,ORD-OS-0062,6,1,0.0,3,3595,[norm][raw]be_req_b_002.json,[norm][raw]be_evt_a_001.json
os_be_063,b,1,31021,ORD-OS-0063,5,1,0.759825,2,17329,[norm][raw]be_req_a_002.json,[norm][raw]be_evt_b_002.json
os_be_064,a,0,45510,ORD-OS-0064,5,1,0.616502,3,13342,[norm][raw]be_req_a_001.json,[norm][raw]be_evt_b_001.json
os_be_065,b,1,31021,ORD-OS-0065,4,1,0.705311,3,12700,[norm][raw]be_req_a_002.json,[norm][raw]be_evt_b_001.json
os_be_066,a,0,45510,ORD-OS-0066,4,3,0.862623,1,13244,[norm][raw]be_req_a_001.json,[norm][raw]be_evt_b_002.json
os_be_067,b,1,31021,ORD-OS-0067,6,4,0.024764,1,483,[norm][raw]be_req_a_002.json,[norm][raw]be_evt_b_002.json
os_be_068,b,1,45510,ORD-OS-0068,6,2,0.0,3,3020,[norm][raw]be_req_b_002.json,[norm][raw]be_evt_a_002.json
os_be_069,a,0,45510,ORD-OS-0069,6,3,0.019717,1,489,[norm][raw]be_req_b_002.json,[norm][raw]be_evt_b_002.json
os_be_070,a,0,45510,ORD-OS-0070,6,3,0.775075,2,12640,[norm][raw]be_req_b_002.json,[norm][raw]be_evt_b_001.json
os_be_071,a,0,31021,ORD-OS-0071,5,2,0.0,1,3400,[norm][raw]be_req_a_001.json,[norm][raw]be_evt_b_001.json
os_be_072,b,1,45510,ORD-OS-0072,6,1,0.0,1,2941,[norm][raw]be_req_b_002.json,[norm][raw]be_evt_b_001.json
os_be_073,b,1,45510,ORD-OS-0073,4,2,0.697548,1,14413,[norm][raw]be_req_b_001.json,[norm][raw]be_evt_a_001.json
os_be_074,a,0,31021,ORD-OS-0074,5,2,0.633039,4,16526,[norm][raw]be_req_b_002.json,[norm][raw]be_evt_a_001.json
os_be_075,a,0,31021,ORD-OS-0075,4,1,0.742492,1,15878,[norm][raw]be_req_b_001.json,[norm][raw]be_evt_b_001.json
os_be_076,b,1,45510,ORD-OS-0076,6,2,0.618223,2,17005,[norm][raw]be_req_b_001.json,[norm][raw]be_evt_b_002.json
os_be_077,b,1,31021,ORD-OS-0077,5,1,0.719376,1,17826,[norm][raw]be_req_b_002.json,[norm][raw]be_evt_b_001.json
os_be_078,a,0,31021,ORD-OS-0078,5,1,0.740833,3,17089,[norm][raw]be_req_a_002.json,[norm][raw]be_evt_a_001.json
os_be_079,a,0,45510,ORD-OS-0079,4,1,0.612244,2,14573,[norm][raw]be_req_a_001.json,[norm][raw]be_evt_a_002.json
os_be_080,b,1,45510,ORD-OS-0080,6,1,0.64707,4,14599,[norm][raw]be_req_b_001.json,[norm][raw]be_evt_b_001.json
os_be_081,a,0,45510,ORD-OS-0081,7,2,0.0,3,3974,[norm][raw]be_req_a_002.json,[norm][raw]be_evt_b_002.json
os_be_082,b,1,45510,ORD-OS-0082,6,5,0.026098,1,496,[norm][raw]be_req_b_002.json,[norm][raw]be_evt_b_001.json
os_be_083,b,1,45510,ORD-OS-0083,4,3,0.536355,4,15880,[norm][raw]be_req_a_002.json,[norm][raw]be_evt_a_002.json
os_be_084,b,1,31021,ORD-OS-0084,5,4,0.023577,1,639,[norm][raw]be_req_a_002.json,[norm][raw]be_evt_a_001.json
os_be_085,b,1,31021,ORD-OS-0085,5,1,0.826323,1,18264,[norm][raw]be_req_b_002.json,[norm][raw]be_evt_b_002.json
os_be_086,a,0,31021,ORD-OS-0086,7,2,0.0,1,3667,[norm][raw]be_req_a_001.json,[norm][raw]be_evt_a_002.json
os_be_087,a,0,45510,ORD-OS-0087,7,1,0.0,2,2828,[norm][raw]be_req_a_001.json,[norm][raw]be_evt_a_001.json
os_be_088,a,0,31021,ORD-OS-0088,7,3,0.021976,2,601,[norm][raw]be_req_b_002.json,[norm][raw]be_evt_b_001.json
os_be_089,a,0,45510,ORD-OS-0089,5,2,0.747994,3,11692,[norm][raw]be_req_b_001.json,[norm][raw]be_evt_a_002.json
os_be_090,b,1,31021,ORD-OS-0090,6,2,0.539221,3,12806,[norm][raw]be_req_b_002.json,[norm][raw]be_evt_b_001.json
os_be_091,a,0,31021,ORD-OS-0091,5,1,0.787206,4,13570,[norm][raw]be_req_b_001.json,[norm][raw]be_evt_b_001.json
os_be_092,a,0,45510,ORD-OS-0092,6,1,0.566353,3,17623,[norm][raw]be_req_a_001.json,[norm][raw]be_evt_b_001.json
os_be_093,a,0,45510,ORD-OS-0093,5,2,0.018335,2,622,[norm][raw]be_req_b_002.json,[norm][raw]be_evt_a_002.json
os_be_094,a,0,31021,ORD-OS-0094,5,2,0.641478,4,12332,[norm][raw]be_req_a_002.json,[norm][raw]be_evt_a_002.json
os_be_095,b,1,31021,ORD-OS-0095,5,3,0.023533,1,597,[norm][raw]be_req_b_002.json,[norm][raw]be_evt_a_002.json
os_be_096,b,1,45510,ORD-OS-0096,6,3,0.0,1,2591,[norm][raw]be_req_a_001.json,[norm][raw]be_evt_a_002.json
os_be_097,a,0,45510,ORD-OS-0097,5,2,0.769737,1,17795,[norm][raw]be_req_a_001.json,[norm][raw]be_evt_b_001.json
os_be_098,a,0,45510,ORD-OS-0098,7,3,0.0,2,3165,[norm][raw]be_req_b_002.json,[norm][raw]be_evt_b_002.json
os_be_099,a,0,31021,ORD-OS-0099,7,3,0.0,2,3061,[norm][raw]be_req_b_002.json,[norm][raw]be_evt_a_002.json
os_be_100,a,0,45510,ORD-OS-0100,6,3,0.67911,3,14367,[norm][raw]be_req_a_002.json,[norm][raw]be_evt_a_002.json
